POSCAR-0Gpa-JVASP-102630_SUPER,0.065578039
POSCAR-0Gpa-JVASP-113776_SUPER,0.181856354
POSCAR-0Gpa-JVASP-117975_SUPER,3.513057946
POSCAR-0Gpa-JVASP-118069_SUPER,28.54581089
POSCAR-0Gpa-JVASP-118421_SUPER,2.56781209
POSCAR-0Gpa-JVASP-118444_SUPER,3.100854683
POSCAR-0Gpa-JVASP-118509_SUPER,2.697775614
POSCAR-0Gpa-JVASP-118518_SUPER,4.423925349
POSCAR-0Gpa-JVASP-118835_SUPER,4.005483088
POSCAR-0Gpa-JVASP-120211_SUPER,9.883450885
POSCAR-0Gpa-JVASP-120219_SUPER,18.99225512
POSCAR-0Gpa-JVASP-120220_SUPER,32.51393936
POSCAR-0Gpa-JVASP-120227_SUPER,2.579443064
POSCAR-0Gpa-JVASP-120230_SUPER,7.773653269
POSCAR-0Gpa-JVASP-121047_SUPER,14.01518464
POSCAR-0Gpa-JVASP-121094_SUPER,5.380728026
POSCAR-0Gpa-JVASP-121095_SUPER,11.39980098
POSCAR-0Gpa-JVASP-125437_SUPER,4.308277263
POSCAR-0Gpa-JVASP-125458_SUPER,4.013410305
POSCAR-0Gpa-JVASP-135022_SUPER,2.31647681
POSCAR-0Gpa-JVASP-135027_SUPER,7.087055697
POSCAR-0Gpa-JVASP-135855_SUPER,0.029340262
POSCAR-0Gpa-JVASP-135862_SUPER,1.518542087
POSCAR-0Gpa-JVASP-136768_SUPER,4.265386835
POSCAR-0Gpa-JVASP-139055_SUPER,0.687123032
POSCAR-0Gpa-JVASP-139071_SUPER,14.84059836
POSCAR-0Gpa-JVASP-139108_SUPER,1.931778585
POSCAR-0Gpa-JVASP-139111_SUPER,3.15414217
POSCAR-0Gpa-JVASP-51667_SUPER,8.137071532
POSCAR-0Gpa-JVASP-51748_SUPER,1.165882038
POSCAR-0Gpa-JVASP-91573_SUPER,2.23209153
POSCAR-0Gpa-JVASP-91661_SUPER,9.062709097
POSCAR-0Gpa-JVASP-95058_SUPER,2.679976819
POSCAR-0Gpa-JVASP-100774_SUPER,0.006705823
POSCAR-0Gpa-JVASP-101060_SUPER,0.336010288
POSCAR-0Gpa-JVASP-103257_SUPER,11.57895062
POSCAR-0Gpa-JVASP-105322_SUPER,0.28260637
POSCAR-0Gpa-JVASP-106764_SUPER,0.576540504
POSCAR-0Gpa-JVASP-109645_SUPER,3.42E-06
POSCAR-0Gpa-JVASP-113752_SUPER,3.084280476
POSCAR-0Gpa-JVASP-114288_SUPER,4.048342966
POSCAR-0Gpa-JVASP-114289_SUPER,21.98371668
POSCAR-0Gpa-JVASP-114308_SUPER,13.17320796
POSCAR-0Gpa-JVASP-114324_SUPER,0.000215651
POSCAR-0Gpa-JVASP-116265_SUPER,0.883371715
POSCAR-0Gpa-JVASP-116278_SUPER,8.535625176
POSCAR-0Gpa-JVASP-116286_SUPER,1.203143697
POSCAR-0Gpa-JVASP-118050_SUPER,1.757903845
POSCAR-0Gpa-JVASP-118359_SUPER,12.5780058
POSCAR-0Gpa-JVASP-118424_SUPER,1.534210674
POSCAR-0Gpa-JVASP-118479_SUPER,7.278764109
POSCAR-0Gpa-JVASP-118492_SUPER,0.096546448
POSCAR-0Gpa-JVASP-118516_SUPER,17.04418185
POSCAR-0Gpa-JVASP-118833_SUPER,5.095987345
POSCAR-0Gpa-JVASP-120224_SUPER,4.779813558
POSCAR-0Gpa-JVASP-121103_SUPER,29.91126252
POSCAR-0Gpa-JVASP-123738_SUPER,4.988034581
POSCAR-0Gpa-JVASP-125376_SUPER,10.79020265
POSCAR-0Gpa-JVASP-125381_SUPER,8.061787142
POSCAR-0Gpa-JVASP-125442_SUPER,8.925814163
POSCAR-0Gpa-JVASP-125455_SUPER,8.514169378
POSCAR-0Gpa-JVASP-129581_SUPER,9.098164111
POSCAR-0Gpa-JVASP-134906_SUPER,1.978128626
POSCAR-0Gpa-JVASP-135015_SUPER,4.112456751
POSCAR-0Gpa-JVASP-135828_SUPER,1.37E-06
POSCAR-0Gpa-JVASP-135860_SUPER,0.22158481
POSCAR-0Gpa-JVASP-135866_SUPER,2.706239929
POSCAR-0Gpa-JVASP-135867_SUPER,0.709822319
POSCAR-0Gpa-JVASP-135869_SUPER,10.14970065
POSCAR-0Gpa-JVASP-136763_SUPER,4.366004595
POSCAR-0Gpa-JVASP-139042_SUPER,5.405058999
POSCAR-0Gpa-JVASP-139243_SUPER,5.457471995
POSCAR-0Gpa-JVASP-149370_SUPER,10.99654277
POSCAR-0Gpa-JVASP-18378_SUPER,0.1489949
POSCAR-0Gpa-JVASP-18387_SUPER,0.000212945
POSCAR-0Gpa-JVASP-18388_SUPER,2.902202849
POSCAR-0Gpa-JVASP-18389_SUPER,3.47E-16
POSCAR-0Gpa-JVASP-18390_SUPER,1.69E-17
POSCAR-0Gpa-JVASP-18394_SUPER,0.004315118
POSCAR-0Gpa-JVASP-18404_SUPER,0.871470717
POSCAR-0Gpa-JVASP-18405_SUPER,0.000894116
POSCAR-0Gpa-JVASP-18412_SUPER,5.595064517
POSCAR-0Gpa-JVASP-21216_SUPER,43.46868526
POSCAR-0Gpa-JVASP-25330_SUPER,31.25538338
POSCAR-0Gpa-JVASP-35665_SUPER,7.201075087
POSCAR-0Gpa-JVASP-35742_SUPER,0.081377284
POSCAR-0Gpa-JVASP-35770_SUPER,0.196057524
POSCAR-0Gpa-JVASP-36010_SUPER,5.981654682
POSCAR-0Gpa-JVASP-36137_SUPER,2.726917334
POSCAR-0Gpa-JVASP-36261_SUPER,0.00016797
POSCAR-0Gpa-JVASP-36647_SUPER,4.435082829
POSCAR-0Gpa-JVASP-36669_SUPER,0.827380155
POSCAR-0Gpa-JVASP-37030_SUPER,5.895687222
POSCAR-0Gpa-JVASP-37310_SUPER,0.029682404
POSCAR-0Gpa-JVASP-37312_SUPER,19.99346623
POSCAR-0Gpa-JVASP-37646_SUPER,2.797525301
POSCAR-0Gpa-JVASP-38881_SUPER,9.864363084
POSCAR-0Gpa-JVASP-39635_SUPER,6.688272968
POSCAR-0Gpa-JVASP-51345_SUPER,0.490845577
POSCAR-0Gpa-JVASP-52777_SUPER,0.607232652
POSCAR-0Gpa-JVASP-52908_SUPER,0.52079045
POSCAR-0Gpa-JVASP-53964_SUPER,5.877251725
POSCAR-0Gpa-JVASP-78449_SUPER,5.251959511
POSCAR-0Gpa-JVASP-78576_SUPER,30.33985008
POSCAR-0Gpa-JVASP-79011_SUPER,10.56693972
POSCAR-0Gpa-JVASP-79470_SUPER,0
POSCAR-0Gpa-JVASP-79487_SUPER,31.40512786
POSCAR-0Gpa-JVASP-85702_SUPER,9.77E-08
POSCAR-0Gpa-JVASP-92563_SUPER,5.40E-20
POSCAR-0Gpa-JVASP-93261_SUPER,52.13599243
POSCAR-0Gpa-JVASP-93786_SUPER,5.500171498
POSCAR-0Gpa-JVASP-93868_SUPER,1.762056378
POSCAR-0Gpa-JVASP-93905_SUPER,0.96424349
POSCAR-0Gpa-JVASP-94916_SUPER,5.746046619
POSCAR-0Gpa-JVASP-94970_SUPER,5.830295858
POSCAR-0Gpa-JVASP-108920_SUPER,0.039009433
POSCAR-0Gpa-JVASP-118032_SUPER,2.286642583
POSCAR-0Gpa-JVASP-121093_SUPER,14.97479025
POSCAR-0Gpa-JVASP-135011_SUPER,0.593150546
POSCAR-0Gpa-JVASP-136775_SUPER,1.307373978
POSCAR-0Gpa-JVASP-139115_SUPER,3.230620712
POSCAR-0Gpa-JVASP-18396_SUPER,2.85E-21
POSCAR-0Gpa-JVASP-85695_SUPER,10.2218404
POSCAR-0Gpa-JVASP-18398_SUPER,3.13E-06
POSCAR-0Gpa-POSCAR-CaH6-100GPa_SUPER,20.41086699
POSCAR-0Gpa-POSCAR-H0.5V1-MP-mp-642644_SUPER,6.542960112
POSCAR-0Gpa-POSCAR-H0.81Pd1-MP-mp-1184548-synth_doped_SUPER,2.007380959
POSCAR-0Gpa-POSCAR-H0.81Pd1-MP-mp-24289-synth_doped_SUPER,23.93234324
POSCAR-0Gpa-POSCAR-H1.96La1-MP-mp-24153-synth_doped_SUPER,0.000215649
POSCAR-0Gpa-POSCAR-H2Ti1-MP-mp-1077353_SUPER,1.981916467
POSCAR-0Gpa-POSCAR-H2Ti1-MP-mp-1077482_SUPER,0.993347672
POSCAR-0Gpa-POSCAR-H2Ti1-MP-mp-1079127-synth_doped_SUPER,1.4037236
POSCAR-0Gpa-POSCAR-H2Ti1-MP-mp-24161_SUPER,1.69E-17
POSCAR-0Gpa-POSCAR-H2Zr1-MP-mp-24155_SUPER,3.47E-16
POSCAR-0Gpa-POSCAR-CaH15-500GPa_SUPER,15.77764208
POSCAR-0Gpa-POSCAR-KH10-100GPa_SUPER,9.920262076
POSCAR-0Gpa-POSCAR-LaH7-200GPa_SUPER,13.70136796
POSCAR-0Gpa-POSCAR-LiH2-300Gpa_SUPER,22.88290848
POSCAR-0Gpa-POSCAR-LiH3-300GPa_SUPER,4.727665472
POSCAR-0Gpa-POSCAR-LiH6-2-300GPa_SUPER,30.10543257
POSCAR-0Gpa-POSCAR-LiH6-300GPa_SUPER,29.39438106
POSCAR-0Gpa-POSCAR-Mg2H7-200GPa_SUPER,27.37743955
POSCAR-0Gpa-POSCAR-MgH10-500GPa_SUPER,1.863078977
POSCAR-0Gpa-POSCAR-MgH12-500GPa_SUPER,48.99866946
POSCAR-0Gpa-POSCAR-MgH13-200GPa_SUPER,27.20578733
POSCAR-0Gpa-POSCAR-MgH14-200GPa_SUPER,61.40699719
POSCAR-0Gpa-POSCAR-MgH6-300GPa_SUPER,17.05674337
POSCAR-0Gpa-POSCAR-MgH8-500Gpa_SUPER,24.42803697
POSCAR-0Gpa-POSCAR-Na2H11-500GPa_SUPER,112.9319423
POSCAR-0Gpa-POSCAR-NaH5-300GPa_SUPER,15.44755099
POSCAR-0Gpa-POSCAR-NaH6-100GPa_SUPER,52.85375713
POSCAR-0Gpa-POSCAR-NaH6-200GPa_SUPER,49.61950317
POSCAR-0Gpa-POSCAR-ScH6-300GPa_SUPER,38.62587907
POSCAR-0Gpa-POSCAR-SH3-200GPa_SUPER,28.4166662
POSCAR-0Gpa-POSCAR-SrH10-500GPa_SUPER,23.1968884
POSCAR-0Gpa-POSCAR-SrH15-500GPa_SUPER,8.961898255
POSCAR-0Gpa-POSCAR-YH9-300GPa_SUPER,14.91674511
