POSCAR-0Gpa-JVASP-102630_SUPER,0.065578039
POSCAR-0Gpa-JVASP-113776_SUPER,0.181856354
POSCAR-0Gpa-JVASP-117975_SUPER,3.513057946
POSCAR-0Gpa-JVASP-118069_SUPER,28.54581089
POSCAR-0Gpa-JVASP-118421_SUPER,2.56781209
POSCAR-0Gpa-JVASP-118444_SUPER,3.100854683
POSCAR-0Gpa-JVASP-118509_SUPER,2.697775614
POSCAR-0Gpa-JVASP-118518_SUPER,4.423925349
POSCAR-0Gpa-JVASP-118835_SUPER,4.005483088
POSCAR-0Gpa-JVASP-120211_SUPER,9.883450885
POSCAR-0Gpa-JVASP-120219_SUPER,18.99225512
POSCAR-0Gpa-JVASP-120220_SUPER,32.51393936
POSCAR-0Gpa-JVASP-120227_SUPER,2.579443064
POSCAR-0Gpa-JVASP-120230_SUPER,7.773653269
POSCAR-0Gpa-JVASP-121047_SUPER,14.01518464
POSCAR-0Gpa-JVASP-121094_SUPER,5.380728026
POSCAR-0Gpa-JVASP-121095_SUPER,11.39980098
POSCAR-0Gpa-JVASP-125437_SUPER,4.308277263
POSCAR-0Gpa-JVASP-125458_SUPER,4.013410305
POSCAR-0Gpa-JVASP-135022_SUPER,2.31647681
POSCAR-0Gpa-JVASP-135027_SUPER,7.087055697
POSCAR-0Gpa-JVASP-135855_SUPER,0.029340262
POSCAR-0Gpa-JVASP-135862_SUPER,1.518542087
POSCAR-0Gpa-JVASP-136768_SUPER,4.265386835
POSCAR-0Gpa-JVASP-139055_SUPER,0.687123032
POSCAR-0Gpa-JVASP-139071_SUPER,14.84059836
POSCAR-0Gpa-JVASP-139108_SUPER,1.931778585
POSCAR-0Gpa-JVASP-139111_SUPER,3.15414217
POSCAR-0Gpa-JVASP-51667_SUPER,8.137071532
POSCAR-0Gpa-JVASP-51748_SUPER,1.165882038
POSCAR-0Gpa-JVASP-91573_SUPER,2.23209153
POSCAR-0Gpa-JVASP-91661_SUPER,9.062709097
POSCAR-0Gpa-JVASP-95058_SUPER,2.679976819
POSCAR-0Gpa-JVASP-100774_SUPER,0.006705823
POSCAR-0Gpa-JVASP-101060_SUPER,0.336010288
POSCAR-0Gpa-JVASP-103257_SUPER,11.57895062
POSCAR-0Gpa-JVASP-105322_SUPER,0.28260637
POSCAR-0Gpa-JVASP-106764_SUPER,0.576540504
POSCAR-0Gpa-JVASP-109645_SUPER,3.42e-06
POSCAR-0Gpa-JVASP-113752_SUPER,3.084280476
POSCAR-0Gpa-JVASP-114288_SUPER,4.048342966
POSCAR-0Gpa-JVASP-114289_SUPER,21.98371668
POSCAR-0Gpa-JVASP-114308_SUPER,13.17320796
POSCAR-0Gpa-JVASP-114324_SUPER,0.000215651
POSCAR-0Gpa-JVASP-116265_SUPER,0.883371715
POSCAR-0Gpa-JVASP-116278_SUPER,8.535625176
POSCAR-0Gpa-JVASP-116286_SUPER,1.203143697
POSCAR-0Gpa-JVASP-118050_SUPER,1.757903845
POSCAR-0Gpa-JVASP-118359_SUPER,12.5780058
POSCAR-0Gpa-JVASP-118424_SUPER,1.534210674
POSCAR-0Gpa-JVASP-118479_SUPER,7.278764109
POSCAR-0Gpa-JVASP-118492_SUPER,0.096546448
POSCAR-0Gpa-JVASP-118516_SUPER,17.04418185
POSCAR-0Gpa-JVASP-118833_SUPER,5.095987345
POSCAR-0Gpa-JVASP-120224_SUPER,4.779813558
POSCAR-0Gpa-JVASP-121103_SUPER,29.91126252
POSCAR-0Gpa-JVASP-123738_SUPER,4.988034581
POSCAR-0Gpa-JVASP-125376_SUPER,10.79020265
POSCAR-0Gpa-JVASP-125381_SUPER,8.061787142
POSCAR-0Gpa-JVASP-125442_SUPER,8.925814163
POSCAR-0Gpa-JVASP-125455_SUPER,8.514169378
POSCAR-0Gpa-JVASP-129581_SUPER,9.098164111
POSCAR-0Gpa-JVASP-134906_SUPER,1.978128626
POSCAR-0Gpa-JVASP-135015_SUPER,4.112456751
POSCAR-0Gpa-JVASP-135828_SUPER,1.37e-06
POSCAR-0Gpa-JVASP-135860_SUPER,0.22158481
POSCAR-0Gpa-JVASP-135866_SUPER,2.706239929
POSCAR-0Gpa-JVASP-135867_SUPER,0.709822319
POSCAR-0Gpa-JVASP-135869_SUPER,10.14970065
POSCAR-0Gpa-JVASP-136763_SUPER,4.366004595
POSCAR-0Gpa-JVASP-139042_SUPER,5.405058999
POSCAR-0Gpa-JVASP-139243_SUPER,5.457471995
POSCAR-0Gpa-JVASP-18378_SUPER,0.1489949
POSCAR-0Gpa-JVASP-18387_SUPER,0.000212945
POSCAR-0Gpa-JVASP-18388_SUPER,2.902202849
POSCAR-0Gpa-JVASP-18389_SUPER,3.47e-16
POSCAR-0Gpa-JVASP-18390_SUPER,1.69e-17
POSCAR-0Gpa-JVASP-18394_SUPER,0.004315118
POSCAR-0Gpa-JVASP-18404_SUPER,0.871470717
POSCAR-0Gpa-JVASP-18405_SUPER,0.000894116
POSCAR-0Gpa-JVASP-18412_SUPER,5.595064517
POSCAR-0Gpa-JVASP-21216_SUPER,43.46868526
POSCAR-0Gpa-JVASP-25330_SUPER,31.25538338
POSCAR-0Gpa-JVASP-35665_SUPER,7.201075087
POSCAR-0Gpa-JVASP-35742_SUPER,0.081377284
POSCAR-0Gpa-JVASP-35770_SUPER,0.196057524
POSCAR-0Gpa-JVASP-36010_SUPER,5.981654682
POSCAR-0Gpa-JVASP-36137_SUPER,2.726917334
POSCAR-0Gpa-JVASP-36261_SUPER,0.00016797
POSCAR-0Gpa-JVASP-36647_SUPER,4.435082829
POSCAR-0Gpa-JVASP-36669_SUPER,0.827380155
POSCAR-0Gpa-JVASP-37030_SUPER,5.895687222
POSCAR-0Gpa-JVASP-37310_SUPER,0.029682404
POSCAR-0Gpa-JVASP-37312_SUPER,19.99346623
POSCAR-0Gpa-JVASP-37646_SUPER,2.797525301
POSCAR-0Gpa-JVASP-38881_SUPER,9.864363084
POSCAR-0Gpa-JVASP-39635_SUPER,6.688272968
POSCAR-0Gpa-JVASP-51345_SUPER,0.490845577
POSCAR-0Gpa-JVASP-52777_SUPER,0.607232652
POSCAR-0Gpa-JVASP-52908_SUPER,0.52079045
POSCAR-0Gpa-JVASP-53964_SUPER,5.877251725
POSCAR-0Gpa-JVASP-78449_SUPER,5.251959511
POSCAR-0Gpa-JVASP-78576_SUPER,30.33985008
POSCAR-0Gpa-JVASP-79011_SUPER,10.56693972
POSCAR-0Gpa-JVASP-79470_SUPER,0.0
POSCAR-0Gpa-JVASP-79487_SUPER,31.40512786
POSCAR-0Gpa-JVASP-85702_SUPER,9.77e-08
POSCAR-0Gpa-JVASP-92563_SUPER,5.4e-20
POSCAR-0Gpa-JVASP-93261_SUPER,52.13599243
POSCAR-0Gpa-JVASP-93786_SUPER,5.500171498
POSCAR-0Gpa-JVASP-93868_SUPER,1.762056378
POSCAR-0Gpa-JVASP-93905_SUPER,0.96424349
POSCAR-0Gpa-JVASP-94916_SUPER,5.746046619
POSCAR-0Gpa-JVASP-94970_SUPER,5.830295858
POSCAR-0Gpa-JVASP-108920_SUPER,0.039009433
POSCAR-0Gpa-JVASP-118032_SUPER,2.286642583
POSCAR-0Gpa-JVASP-121093_SUPER,14.97479025
POSCAR-0Gpa-JVASP-135011_SUPER,0.593150546
POSCAR-0Gpa-JVASP-136775_SUPER,1.307373978
POSCAR-0Gpa-JVASP-139115_SUPER,3.230620712
POSCAR-0Gpa-JVASP-18396_SUPER,2.8500000000000002e-21
POSCAR-0Gpa-JVASP-85695_SUPER,10.2218404
POSCAR-0Gpa-JVASP-18398_SUPER,3.13e-06
POSCAR-0Gpa-POSCAR-CaH6-100GPa_SUPER,20.41086699
POSCAR-0Gpa-POSCAR-H0.5V1-MP-mp-642644_SUPER,6.542960112
POSCAR-0Gpa-POSCAR-H0.81Pd1-MP-mp-1184548-synth_doped_SUPER,2.007380959
POSCAR-0Gpa-POSCAR-H0.81Pd1-MP-mp-24289-synth_doped_SUPER,23.93234324
POSCAR-0Gpa-POSCAR-H1.96La1-MP-mp-24153-synth_doped_SUPER,0.000215649
POSCAR-0Gpa-POSCAR-H2Ti1-MP-mp-1077353_SUPER,1.981916467
POSCAR-0Gpa-POSCAR-H2Ti1-MP-mp-1077482_SUPER,0.993347672
POSCAR-0Gpa-POSCAR-H2Ti1-MP-mp-1079127-synth_doped_SUPER,1.4037236
POSCAR-0Gpa-POSCAR-H2Ti1-MP-mp-24161_SUPER,1.69e-17
POSCAR-0Gpa-POSCAR-H2Zr1-MP-mp-24155_SUPER,3.47e-16
POSCAR-0Gpa-POSCAR-LiH2-300Gpa_SUPER,22.88290848
POSCAR-0Gpa-POSCAR-LiH3-300GPa_SUPER,4.727665472
POSCAR-0Gpa-POSCAR-LiH6-2-300GPa_SUPER,30.10543257
POSCAR-0Gpa-POSCAR-LiH6-300GPa_SUPER,29.39438106
POSCAR-0Gpa-POSCAR-MgH6-300GPa_SUPER,17.05674337
POSCAR-0Gpa-POSCAR-NaH5-300GPa_SUPER,15.44755099
POSCAR-0Gpa-POSCAR-NaH6-100GPa_SUPER,52.85375713
POSCAR-0Gpa-POSCAR-NaH6-200GPa_SUPER,49.61950317
POSCAR-0Gpa-POSCAR-ScH6-300GPa_SUPER,38.62587907
POSCAR-0Gpa-POSCAR-SH3-200GPa_SUPER,28.4166662
POSCAR-100Gpa-POSCAR-H0.5V1-MP-mp-642644_SUPER,3.055635578
POSCAR-100Gpa-POSCAR-H0.81Pd1-MP-mp-1184548-synth_doped_SUPER,3.411096054
POSCAR-100Gpa-POSCAR-H0.81Pd1-MP-mp-24289-synth_doped_SUPER,0.032042361
POSCAR-100Gpa-POSCAR-H1.96La1-MP-mp-24153-synth_doped_SUPER,2.811676004
POSCAR-100Gpa-POSCAR-H2Ti1-MP-mp-1077353_SUPER,0.047691378
POSCAR-100Gpa-POSCAR-H2Ti1-MP-mp-1077482_SUPER,0.309497804
POSCAR-100Gpa-POSCAR-H2Zr1-MP-mp-24155_SUPER,6.9e-12
POSCAR-100Gpa-POSCAR-NaH5-300GPa_SUPER,67.31820923
POSCAR-100Gpa-POSCAR-SH3-200GPa_SUPER,61.56722203
POSCAR-100Gpa-JVASP-100537_SUPER,6.717397956
POSCAR-100Gpa-JVASP-101060_SUPER,3.976560599
POSCAR-100Gpa-JVASP-113653_SUPER,19.49650069
POSCAR-100Gpa-JVASP-116261_SUPER,11.63836791
POSCAR-100Gpa-JVASP-119915_SUPER,7.248149367
POSCAR-100Gpa-JVASP-120827_SUPER,4.466992964
POSCAR-100Gpa-JVASP-121083_SUPER,17.20179378
POSCAR-100Gpa-JVASP-134053_SUPER,43.51414155
POSCAR-100Gpa-JVASP-135026_SUPER,7.640684317
POSCAR-100Gpa-JVASP-135044_SUPER,24.80174205
POSCAR-100Gpa-JVASP-135656_SUPER,57.06096119
POSCAR-100Gpa-JVASP-137930_SUPER,4.133813524
POSCAR-100Gpa-JVASP-139046_SUPER,0.0
POSCAR-100Gpa-JVASP-139069_SUPER,7.766102408
POSCAR-100Gpa-JVASP-139073_SUPER,0.0
POSCAR-100Gpa-JVASP-139100_SUPER,4.809957943
POSCAR-100Gpa-JVASP-139101_SUPER,5.670618899
POSCAR-100Gpa-JVASP-18397_SUPER,5.892025956
POSCAR-100Gpa-JVASP-18405_SUPER,4.512041832
POSCAR-100Gpa-JVASP-18416_SUPER,0.153846648
POSCAR-100Gpa-JVASP-21216_SUPER,106.4094576
POSCAR-100Gpa-JVASP-25330_SUPER,0.156035889
POSCAR-100Gpa-JVASP-36262_SUPER,82.38910678
POSCAR-100Gpa-JVASP-53964_SUPER,9.508852866
POSCAR-100Gpa-JVASP-78576_SUPER,110.1377005
POSCAR-100Gpa-JVASP-79487_SUPER,53.71548258
POSCAR-100Gpa-JVASP-85702_SUPER,5.157560475
POSCAR-100Gpa-JVASP-85705_SUPER,3.511771063
POSCAR-100Gpa-JVASP-93823_SUPER,0.107961531
POSCAR-100Gpa-JVASP-18398_SUPER,5.160533953
POSCAR-100Gpa-POSCAR-CaH6-100GPa_SUPER,177.7631999
POSCAR-100Gpa-POSCAR-LiH2-300Gpa_SUPER,40.18538347
POSCAR-100Gpa-POSCAR-H2Ti1-MP-mp-24161_SUPER,2.0399999999999998e-23
POSCAR-100Gpa-JVASP-100774_SUPER,0.005330671
POSCAR-100Gpa-JVASP-102630_SUPER,2.573294377
POSCAR-100Gpa-JVASP-103257_SUPER,13.07962757
POSCAR-100Gpa-JVASP-105322_SUPER,4.846832104
POSCAR-100Gpa-JVASP-105334_SUPER,7.128624198
POSCAR-100Gpa-JVASP-106764_SUPER,0.12920271
POSCAR-100Gpa-JVASP-108920_SUPER,0.060951736
POSCAR-100Gpa-JVASP-109645_SUPER,0.000392506
POSCAR-100Gpa-JVASP-113752_SUPER,3.530658235
POSCAR-100Gpa-JVASP-113776_SUPER,3.718348617
POSCAR-100Gpa-JVASP-114288_SUPER,18.62018351
POSCAR-100Gpa-JVASP-114289_SUPER,25.42945962
POSCAR-100Gpa-JVASP-114308_SUPER,11.68808499
POSCAR-100Gpa-JVASP-114324_SUPER,3.795302916
POSCAR-100Gpa-JVASP-116265_SUPER,8.187344541
POSCAR-100Gpa-JVASP-116278_SUPER,17.11582379
POSCAR-100Gpa-JVASP-116286_SUPER,13.94996543
POSCAR-100Gpa-JVASP-117975_SUPER,18.17851122
POSCAR-100Gpa-JVASP-118032_SUPER,12.05495068
POSCAR-100Gpa-JVASP-118050_SUPER,7.350883286
POSCAR-100Gpa-JVASP-118069_SUPER,17.37461968
POSCAR-100Gpa-JVASP-118359_SUPER,22.75074623
POSCAR-100Gpa-JVASP-118421_SUPER,3.482609141
POSCAR-100Gpa-JVASP-118424_SUPER,5.157840746
POSCAR-100Gpa-JVASP-118444_SUPER,22.44453273
POSCAR-100Gpa-JVASP-118479_SUPER,7.166638018
POSCAR-100Gpa-JVASP-118492_SUPER,6.428728177
POSCAR-100Gpa-JVASP-118516_SUPER,14.06843337
POSCAR-100Gpa-JVASP-118518_SUPER,7.965263317
POSCAR-100Gpa-JVASP-118833_SUPER,17.70001943
POSCAR-100Gpa-JVASP-118835_SUPER,16.54244708
POSCAR-100Gpa-JVASP-120211_SUPER,6.961221067
POSCAR-100Gpa-JVASP-120219_SUPER,4.932363634
POSCAR-100Gpa-JVASP-120220_SUPER,18.46832454
POSCAR-100Gpa-JVASP-120224_SUPER,2.594248744
POSCAR-100Gpa-JVASP-120227_SUPER,1.937881645
POSCAR-100Gpa-JVASP-120230_SUPER,10.22661035
POSCAR-100Gpa-JVASP-121047_SUPER,4.173875113
POSCAR-100Gpa-JVASP-121093_SUPER,6.95842329
POSCAR-100Gpa-JVASP-121094_SUPER,3.855906332
POSCAR-100Gpa-JVASP-121095_SUPER,8.633997342
POSCAR-100Gpa-JVASP-121103_SUPER,7.73e-06
POSCAR-100Gpa-JVASP-123738_SUPER,2.866496228
POSCAR-100Gpa-JVASP-125376_SUPER,11.58084352
POSCAR-100Gpa-JVASP-125381_SUPER,1.176803239
POSCAR-100Gpa-JVASP-125437_SUPER,69.20259829
POSCAR-100Gpa-JVASP-125442_SUPER,4.135793139
POSCAR-100Gpa-JVASP-125455_SUPER,6.003411764
POSCAR-100Gpa-JVASP-129581_SUPER,12.05905225
POSCAR-100Gpa-JVASP-134906_SUPER,18.8933461
POSCAR-100Gpa-JVASP-135015_SUPER,10.2828696
POSCAR-100Gpa-JVASP-135022_SUPER,5.777909364
POSCAR-100Gpa-JVASP-135828_SUPER,0.120980901
POSCAR-100Gpa-JVASP-135855_SUPER,3.904322572
POSCAR-100Gpa-JVASP-135860_SUPER,7.363060476
POSCAR-100Gpa-JVASP-135862_SUPER,7.284174648
POSCAR-100Gpa-JVASP-135866_SUPER,1.778237284
POSCAR-100Gpa-JVASP-135867_SUPER,11.99010729
POSCAR-100Gpa-JVASP-135869_SUPER,15.9581122
POSCAR-100Gpa-JVASP-136768_SUPER,5.580907342
POSCAR-100Gpa-JVASP-136775_SUPER,2.120183375
POSCAR-100Gpa-JVASP-139042_SUPER,6.31783445
POSCAR-100Gpa-JVASP-139055_SUPER,1.605441579
POSCAR-100Gpa-JVASP-139071_SUPER,1.152313046
POSCAR-100Gpa-JVASP-139108_SUPER,14.57006864
POSCAR-100Gpa-JVASP-139111_SUPER,9.385493182
POSCAR-100Gpa-JVASP-139243_SUPER,27.03287699
POSCAR-100Gpa-JVASP-18378_SUPER,0.76575873
POSCAR-100Gpa-JVASP-18387_SUPER,2.715979972
POSCAR-100Gpa-JVASP-18388_SUPER,0.543827131
POSCAR-100Gpa-JVASP-18389_SUPER,0.541392255
POSCAR-100Gpa-JVASP-18390_SUPER,1.18e-20
POSCAR-100Gpa-JVASP-18394_SUPER,0.080132156
POSCAR-100Gpa-JVASP-18396_SUPER,3.618372097
POSCAR-100Gpa-JVASP-18412_SUPER,3.580356565
POSCAR-100Gpa-JVASP-35742_SUPER,0.000765297
POSCAR-100Gpa-JVASP-35770_SUPER,7.47e-06
POSCAR-100Gpa-JVASP-36010_SUPER,10.20884043
POSCAR-100Gpa-JVASP-36261_SUPER,6.69e-16
POSCAR-100Gpa-JVASP-36669_SUPER,0.365705662
POSCAR-100Gpa-JVASP-37030_SUPER,7.082321255
POSCAR-100Gpa-JVASP-37310_SUPER,0.527261039
POSCAR-100Gpa-JVASP-37312_SUPER,3.385169208
POSCAR-100Gpa-JVASP-38881_SUPER,0.425694002
POSCAR-100Gpa-JVASP-39635_SUPER,0.185500695
POSCAR-100Gpa-JVASP-51345_SUPER,0.387443278
POSCAR-100Gpa-JVASP-51748_SUPER,1.64e-07
POSCAR-100Gpa-JVASP-52777_SUPER,3.256559079
POSCAR-100Gpa-JVASP-52908_SUPER,1.472552618
POSCAR-100Gpa-JVASP-78449_SUPER,8.609213516
POSCAR-100Gpa-JVASP-79011_SUPER,0.054729076
POSCAR-100Gpa-JVASP-91573_SUPER,6.257270091
POSCAR-100Gpa-JVASP-92563_SUPER,0.0
POSCAR-100Gpa-JVASP-93261_SUPER,34.09628508
POSCAR-100Gpa-JVASP-93786_SUPER,12.52635708
POSCAR-100Gpa-JVASP-93868_SUPER,0.05982155
POSCAR-100Gpa-JVASP-93905_SUPER,0.346258554
POSCAR-100Gpa-JVASP-94916_SUPER,5.497062629
POSCAR-100Gpa-JVASP-95058_SUPER,2.441253153
POSCAR-100Gpa-JVASP-114287_SUPER,8.995035481
POSCAR-100Gpa-JVASP-125458_SUPER,24.50833259
POSCAR-100Gpa-JVASP-134963_SUPER,7.520088432
POSCAR-100Gpa-JVASP-135011_SUPER,0.04775758
POSCAR-100Gpa-JVASP-135027_SUPER,3.026805203
POSCAR-100Gpa-JVASP-136763_SUPER,3.797130463
POSCAR-100Gpa-JVASP-139115_SUPER,2.743314501
POSCAR-100Gpa-JVASP-35665_SUPER,14.56632139
POSCAR-100Gpa-JVASP-36137_SUPER,1.379568357
POSCAR-100Gpa-JVASP-36647_SUPER,0.022318593
POSCAR-100Gpa-JVASP-37646_SUPER,14.34244853
POSCAR-100Gpa-JVASP-51667_SUPER,4.662550391
POSCAR-100Gpa-JVASP-85695_SUPER,8.424030608
POSCAR-200Gpa-JVASP-100774_SUPER,0.101091933
POSCAR-200Gpa-JVASP-103257_SUPER,14.36836027
POSCAR-200Gpa-JVASP-105322_SUPER,13.30852468
POSCAR-200Gpa-JVASP-105334_SUPER,8.04611872
POSCAR-200Gpa-JVASP-106764_SUPER,0.26591172
POSCAR-200Gpa-JVASP-108920_SUPER,0.46361027
POSCAR-200Gpa-JVASP-109645_SUPER,0.024534265
POSCAR-200Gpa-JVASP-113776_SUPER,5.401735337
POSCAR-200Gpa-JVASP-114288_SUPER,22.24057769
POSCAR-200Gpa-JVASP-114289_SUPER,13.33490884
POSCAR-200Gpa-JVASP-114308_SUPER,15.65010965
POSCAR-200Gpa-JVASP-114324_SUPER,18.48884774
POSCAR-200Gpa-JVASP-116265_SUPER,1.629169349
POSCAR-200Gpa-JVASP-116278_SUPER,20.80639734
POSCAR-200Gpa-JVASP-116286_SUPER,2.48583085
POSCAR-200Gpa-JVASP-117975_SUPER,10.48617519
POSCAR-200Gpa-JVASP-118032_SUPER,12.12177276
POSCAR-200Gpa-JVASP-118050_SUPER,17.81070107
POSCAR-200Gpa-JVASP-118069_SUPER,37.18054611
POSCAR-200Gpa-JVASP-118359_SUPER,14.71831297
POSCAR-200Gpa-JVASP-118421_SUPER,5.604301362
POSCAR-200Gpa-JVASP-118424_SUPER,12.10511118
POSCAR-200Gpa-JVASP-118444_SUPER,27.99645064
POSCAR-200Gpa-JVASP-118479_SUPER,14.60355535
POSCAR-200Gpa-JVASP-118492_SUPER,10.62437418
POSCAR-200Gpa-JVASP-118509_SUPER,13.6266047
POSCAR-200Gpa-JVASP-118516_SUPER,24.56669061
POSCAR-200Gpa-JVASP-118518_SUPER,17.32353462
POSCAR-200Gpa-JVASP-118833_SUPER,21.79095918
POSCAR-200Gpa-JVASP-118835_SUPER,22.760125
POSCAR-200Gpa-JVASP-120211_SUPER,1.509015573
POSCAR-200Gpa-JVASP-120219_SUPER,16.09520918
POSCAR-200Gpa-JVASP-120220_SUPER,15.7647938
POSCAR-200Gpa-JVASP-120224_SUPER,0.786653512
POSCAR-200Gpa-JVASP-120227_SUPER,2.623319653
POSCAR-200Gpa-JVASP-120230_SUPER,14.50235324
POSCAR-200Gpa-JVASP-121047_SUPER,3.796523182
POSCAR-200Gpa-JVASP-121093_SUPER,13.62806072
POSCAR-200Gpa-JVASP-121094_SUPER,25.41596099
POSCAR-200Gpa-JVASP-121095_SUPER,0.065884021
POSCAR-200Gpa-JVASP-121103_SUPER,5.48e-12
POSCAR-200Gpa-JVASP-123738_SUPER,2.549520704
POSCAR-200Gpa-JVASP-125376_SUPER,16.08142146
POSCAR-200Gpa-JVASP-125381_SUPER,15.88007568
POSCAR-200Gpa-JVASP-125437_SUPER,2.376078857
POSCAR-200Gpa-JVASP-125442_SUPER,17.5341226
POSCAR-200Gpa-JVASP-125455_SUPER,30.71278012
POSCAR-200Gpa-JVASP-125458_SUPER,14.6940634
POSCAR-200Gpa-JVASP-129581_SUPER,19.47300092
POSCAR-200Gpa-JVASP-134906_SUPER,17.97070763
POSCAR-200Gpa-JVASP-135015_SUPER,10.07636549
POSCAR-200Gpa-JVASP-135022_SUPER,5.746332784
POSCAR-200Gpa-JVASP-135828_SUPER,0.412915901
POSCAR-200Gpa-JVASP-135855_SUPER,0.969118582
POSCAR-200Gpa-JVASP-135860_SUPER,4.627166324
POSCAR-200Gpa-JVASP-135862_SUPER,1.520552946
POSCAR-200Gpa-JVASP-135866_SUPER,1.258246599
POSCAR-200Gpa-JVASP-135867_SUPER,3.430348401
POSCAR-200Gpa-JVASP-135869_SUPER,7.481209201
POSCAR-200Gpa-JVASP-136768_SUPER,5.98919136
POSCAR-200Gpa-JVASP-136775_SUPER,2.724395561
POSCAR-200Gpa-JVASP-139055_SUPER,0.221772742
POSCAR-200Gpa-JVASP-139071_SUPER,3.502810514
POSCAR-200Gpa-JVASP-139108_SUPER,9.487267295
POSCAR-200Gpa-JVASP-139111_SUPER,4.601058756
POSCAR-200Gpa-JVASP-139243_SUPER,10.40955442
POSCAR-200Gpa-JVASP-18378_SUPER,2.047646181
POSCAR-200Gpa-JVASP-18388_SUPER,0.466273777
POSCAR-200Gpa-JVASP-18389_SUPER,4.282019592
POSCAR-200Gpa-JVASP-18390_SUPER,2.86e-07
POSCAR-200Gpa-JVASP-18394_SUPER,8.831886441
POSCAR-200Gpa-JVASP-18396_SUPER,0.071586682
POSCAR-200Gpa-JVASP-18412_SUPER,3.896558297
POSCAR-200Gpa-JVASP-35665_SUPER,7.694825777
POSCAR-200Gpa-JVASP-35742_SUPER,3.825126666
POSCAR-200Gpa-JVASP-36137_SUPER,1.940579469
POSCAR-200Gpa-JVASP-36261_SUPER,5.45e-12
POSCAR-200Gpa-JVASP-36647_SUPER,0.102187169
POSCAR-200Gpa-JVASP-37030_SUPER,7.635141408
POSCAR-200Gpa-JVASP-37312_SUPER,19.71898208
POSCAR-200Gpa-JVASP-37646_SUPER,5.767935192
POSCAR-200Gpa-JVASP-38881_SUPER,0.354058104
POSCAR-200Gpa-JVASP-39635_SUPER,0.987243496
POSCAR-200Gpa-JVASP-51345_SUPER,1.332437568
POSCAR-200Gpa-JVASP-51748_SUPER,1.54e-10
POSCAR-200Gpa-JVASP-52777_SUPER,10.22762049
POSCAR-200Gpa-JVASP-52908_SUPER,13.41126552
POSCAR-200Gpa-JVASP-85695_SUPER,10.00246811
POSCAR-200Gpa-JVASP-91573_SUPER,3.967405895
POSCAR-200Gpa-JVASP-92563_SUPER,0.0
POSCAR-200Gpa-JVASP-93868_SUPER,0.060452092
POSCAR-200Gpa-JVASP-93905_SUPER,1.0310016
POSCAR-200Gpa-JVASP-95058_SUPER,4.77362211
POSCAR-200Gpa-JVASP-101060_SUPER,12.8410252
POSCAR-200Gpa-JVASP-102630_SUPER,0.056646002
POSCAR-200Gpa-JVASP-113653_SUPER,28.18418593
POSCAR-200Gpa-JVASP-116261_SUPER,23.23313873
POSCAR-200Gpa-JVASP-119915_SUPER,0.620897196
POSCAR-200Gpa-JVASP-120827_SUPER,5.862681841
POSCAR-200Gpa-JVASP-121083_SUPER,41.59209597
POSCAR-200Gpa-JVASP-134053_SUPER,29.31657089
POSCAR-200Gpa-JVASP-134963_SUPER,11.98627733
POSCAR-200Gpa-JVASP-135026_SUPER,1.940261096
POSCAR-200Gpa-JVASP-135044_SUPER,3.34980112
POSCAR-200Gpa-JVASP-135656_SUPER,61.89614021
POSCAR-200Gpa-JVASP-137930_SUPER,2.697251236
POSCAR-200Gpa-JVASP-139046_SUPER,5.25e-183
POSCAR-200Gpa-JVASP-139069_SUPER,2.901212214
POSCAR-200Gpa-JVASP-139073_SUPER,0.0
POSCAR-200Gpa-JVASP-139101_SUPER,7.683603129
POSCAR-200Gpa-JVASP-18387_SUPER,21.4041623
POSCAR-200Gpa-JVASP-18397_SUPER,6.352334406
POSCAR-200Gpa-JVASP-18405_SUPER,4.024773711
POSCAR-200Gpa-JVASP-18416_SUPER,0.159222297
POSCAR-200Gpa-JVASP-36010_SUPER,15.67068874
POSCAR-200Gpa-JVASP-36262_SUPER,28.37786332
POSCAR-200Gpa-JVASP-36669_SUPER,27.65526494
POSCAR-200Gpa-JVASP-53964_SUPER,5.431302684
POSCAR-200Gpa-JVASP-78449_SUPER,18.7252851
POSCAR-200Gpa-JVASP-79011_SUPER,0.000175512
POSCAR-200Gpa-JVASP-79470_SUPER,29.54316592
POSCAR-200Gpa-JVASP-79487_SUPER,165.6342514
POSCAR-200Gpa-JVASP-85702_SUPER,18.89981439
POSCAR-200Gpa-JVASP-93261_SUPER,10.12556504
POSCAR-200Gpa-JVASP-93786_SUPER,11.09878918
POSCAR-200Gpa-JVASP-93823_SUPER,3.471961736
POSCAR-200Gpa-JVASP-94916_SUPER,13.22240691
POSCAR-200Gpa-JVASP-105986_SUPER,1.430793355
POSCAR-200Gpa-JVASP-113752_SUPER,11.99058678
POSCAR-200Gpa-JVASP-114287_SUPER,17.17020488
POSCAR-200Gpa-JVASP-135011_SUPER,12.94459331
POSCAR-200Gpa-JVASP-135027_SUPER,7.962270856
POSCAR-200Gpa-JVASP-136763_SUPER,3.768809322
POSCAR-200Gpa-JVASP-139100_SUPER,3.300259492
POSCAR-200Gpa-JVASP-139115_SUPER,2.785282835
POSCAR-200Gpa-JVASP-35770_SUPER,7.92e-07
POSCAR-200Gpa-JVASP-37310_SUPER,3.68e-08
POSCAR-200Gpa-JVASP-51667_SUPER,9.427984558
POSCAR-200Gpa-JVASP-85705_SUPER,14.84102388
POSCAR-200Gpa-JVASP-18398_SUPER,5.160533953
POSCAR-200Gpa-POSCAR-H0.5V1-MP-mp-642644_SUPER,5.389052237
POSCAR-200Gpa-POSCAR-H0.81Pd1-MP-mp-1184548-synth_doped_SUPER,3.918129006
POSCAR-200Gpa-POSCAR-H0.81Pd1-MP-mp-24289-synth_doped_SUPER,0.000208517
POSCAR-200Gpa-POSCAR-H1.96La1-MP-mp-24153-synth_doped_SUPER,21.4195244
POSCAR-200Gpa-POSCAR-H2Ti1-MP-mp-1077353_SUPER,0.028876202
POSCAR-200Gpa-POSCAR-H2Ti1-MP-mp-1077482_SUPER,0.904069485
POSCAR-200Gpa-POSCAR-H2Zr1-MP-mp-24155_SUPER,0.020931306
POSCAR-200Gpa-POSCAR-LiH2-300Gpa_SUPER,189.8064693
POSCAR-200Gpa-POSCAR-NaH5-300GPa_SUPER,87.16257291
POSCAR-200Gpa-POSCAR-SH3-200GPa_SUPER,84.45532292
POSCAR-200Gpa-POSCAR-H2Ti1-MP-mp-24161_SUPER,7.25e-08
POSCAR-250Gpa-JVASP-113653_SUPER,18.97716641
POSCAR-250Gpa-JVASP-114324_SUPER,15.14242219
POSCAR-250Gpa-JVASP-116261_SUPER,31.9173945
POSCAR-250Gpa-JVASP-119915_SUPER,1.858674186
POSCAR-250Gpa-JVASP-121083_SUPER,51.00317565
POSCAR-250Gpa-JVASP-134053_SUPER,3.990495266
POSCAR-250Gpa-JVASP-134963_SUPER,13.19261631
POSCAR-250Gpa-JVASP-135026_SUPER,2.168418611
POSCAR-250Gpa-JVASP-135044_SUPER,31.03279274
POSCAR-250Gpa-JVASP-135656_SUPER,72.82679354
POSCAR-250Gpa-JVASP-137930_SUPER,2.871705035
POSCAR-250Gpa-JVASP-139046_SUPER,1.9e-38
POSCAR-250Gpa-JVASP-139069_SUPER,4.094848513
POSCAR-250Gpa-JVASP-139073_SUPER,0.0
POSCAR-250Gpa-JVASP-139100_SUPER,7.453253163
POSCAR-250Gpa-JVASP-139101_SUPER,15.20333611
POSCAR-250Gpa-JVASP-18387_SUPER,9.867559543
POSCAR-250Gpa-JVASP-18397_SUPER,6.697457085
POSCAR-250Gpa-JVASP-18416_SUPER,0.183652279
POSCAR-250Gpa-JVASP-36262_SUPER,19.43542807
POSCAR-250Gpa-JVASP-79470_SUPER,41.56058231
POSCAR-250Gpa-JVASP-79487_SUPER,153.7042271
POSCAR-250Gpa-JVASP-85705_SUPER,24.5887707
POSCAR-250Gpa-JVASP-93823_SUPER,4.304356277
POSCAR-300Gpa-POSCAR-H0.5V1-MP-mp-642644_SUPER,8.870475476
POSCAR-300Gpa-POSCAR-H0.81Pd1-MP-mp-1184548-synth_doped_SUPER,2.586773497
POSCAR-300Gpa-POSCAR-H0.81Pd1-MP-mp-24289-synth_doped_SUPER,1.35e-06
POSCAR-300Gpa-POSCAR-H1.96La1-MP-mp-24153-synth_doped_SUPER,19.28678013
POSCAR-300Gpa-POSCAR-H2Ti1-MP-mp-1077353_SUPER,0.337955021
POSCAR-300Gpa-POSCAR-H2Zr1-MP-mp-24155_SUPER,15.25454146
POSCAR-300Gpa-POSCAR-LiH2-300Gpa_SUPER,205.3487553
POSCAR-300Gpa-POSCAR-NaH5-300GPa_SUPER,76.65776024
POSCAR-300Gpa-POSCAR-SH3-200GPa_SUPER,87.30255592
POSCAR-300Gpa-JVASP-100537_SUPER,4.638053702
POSCAR-300Gpa-JVASP-113653_SUPER,26.71471536
POSCAR-300Gpa-JVASP-114324_SUPER,4.69066807
POSCAR-300Gpa-JVASP-119915_SUPER,4.276039587
POSCAR-300Gpa-JVASP-120827_SUPER,32.66073125
POSCAR-300Gpa-JVASP-121083_SUPER,92.75096193
POSCAR-300Gpa-JVASP-134053_SUPER,23.10434102
POSCAR-300Gpa-JVASP-134963_SUPER,14.96979718
POSCAR-300Gpa-JVASP-135026_SUPER,3.751560267
POSCAR-300Gpa-JVASP-135044_SUPER,50.62031054
POSCAR-300Gpa-JVASP-135656_SUPER,77.91487541
POSCAR-300Gpa-JVASP-137930_SUPER,2.125157276
POSCAR-300Gpa-JVASP-139046_SUPER,2.16e-17
POSCAR-300Gpa-JVASP-139069_SUPER,6.985163204
POSCAR-300Gpa-JVASP-139100_SUPER,7.774871341
POSCAR-300Gpa-JVASP-18387_SUPER,19.28586206
POSCAR-300Gpa-JVASP-18405_SUPER,13.6596815
POSCAR-300Gpa-JVASP-36262_SUPER,17.1613243
POSCAR-300Gpa-JVASP-79470_SUPER,46.58873337
POSCAR-300Gpa-JVASP-79487_SUPER,142.4890194
POSCAR-300Gpa-JVASP-85705_SUPER,25.33958808
POSCAR-300Gpa-JVASP-118069_SUPER,15.5073354
POSCAR-300Gpa-JVASP-118833_SUPER,22.14923452
POSCAR-300Gpa-JVASP-139101_SUPER,4.195335068
POSCAR-300Gpa-JVASP-18397_SUPER,7.286145144
POSCAR-300Gpa-JVASP-18416_SUPER,0.226056309
POSCAR-300Gpa-JVASP-37030_SUPER,10.02246711
POSCAR-300Gpa-JVASP-51667_SUPER,15.41638944
POSCAR-300Gpa-JVASP-93823_SUPER,3.266204042
POSCAR-300Gpa-JVASP-93868_SUPER,0.304221059
POSCAR-300Gpa-POSCAR-H2Ti1-MP-mp-24161_SUPER,0.008066091
POSCAR-300Gpa-JVASP-18398_SUPER,5.160533953
POSCAR-300Gpa-JVASP-101060_SUPER,14.87135287
POSCAR-300Gpa-JVASP-102630_SUPER,0.232249477
POSCAR-300Gpa-JVASP-103257_SUPER,4.310843108
POSCAR-300Gpa-JVASP-105322_SUPER,2.507298444
POSCAR-300Gpa-JVASP-105334_SUPER,9.440965197
POSCAR-300Gpa-JVASP-106764_SUPER,1.008698146
POSCAR-300Gpa-JVASP-109645_SUPER,0.810271962
POSCAR-300Gpa-JVASP-114308_SUPER,21.18383651
POSCAR-300Gpa-JVASP-116265_SUPER,20.35803824
POSCAR-300Gpa-JVASP-116278_SUPER,31.18315077
POSCAR-300Gpa-JVASP-116286_SUPER,25.16502792
POSCAR-300Gpa-JVASP-117975_SUPER,13.59625147
POSCAR-300Gpa-JVASP-118359_SUPER,7.29135203
POSCAR-300Gpa-JVASP-118421_SUPER,4.294367078
POSCAR-300Gpa-JVASP-118424_SUPER,20.45631967
POSCAR-300Gpa-JVASP-118444_SUPER,39.34878531
POSCAR-300Gpa-JVASP-118492_SUPER,16.23757284
POSCAR-300Gpa-JVASP-118516_SUPER,12.3837557
POSCAR-300Gpa-JVASP-120220_SUPER,15.07048546
POSCAR-300Gpa-JVASP-120224_SUPER,2.970093785
POSCAR-300Gpa-JVASP-18378_SUPER,4.227534754
POSCAR-300Gpa-JVASP-18388_SUPER,0.670158236
POSCAR-300Gpa-JVASP-18389_SUPER,4.176010586
POSCAR-300Gpa-JVASP-18390_SUPER,0.0124732
POSCAR-300Gpa-JVASP-18394_SUPER,9.062308781
POSCAR-300Gpa-JVASP-18396_SUPER,2.016485975
POSCAR-300Gpa-JVASP-35770_SUPER,3.43e-07
POSCAR-300Gpa-JVASP-36010_SUPER,18.18915667
POSCAR-300Gpa-JVASP-36261_SUPER,1.7e-09
POSCAR-300Gpa-JVASP-36647_SUPER,1.683320091
POSCAR-300Gpa-JVASP-36669_SUPER,6.880798875
POSCAR-300Gpa-JVASP-37312_SUPER,54.05055669
POSCAR-300Gpa-JVASP-38881_SUPER,2.561378814
POSCAR-300Gpa-JVASP-39635_SUPER,14.06046406
POSCAR-300Gpa-JVASP-52777_SUPER,10.55219775
POSCAR-300Gpa-JVASP-52908_SUPER,9.542773099
POSCAR-300Gpa-JVASP-53964_SUPER,10.02802678
POSCAR-300Gpa-JVASP-78449_SUPER,35.37189328
POSCAR-300Gpa-JVASP-79011_SUPER,0.000324979
POSCAR-300Gpa-JVASP-85702_SUPER,3.222334385
POSCAR-300Gpa-JVASP-93261_SUPER,20.07733258
POSCAR-300Gpa-JVASP-93786_SUPER,4.878407365
POSCAR-300Gpa-JVASP-94916_SUPER,21.19593017
POSCAR-300Gpa-JVASP-114288_SUPER,28.71921214
POSCAR-300Gpa-JVASP-114289_SUPER,36.99770745
POSCAR-300Gpa-JVASP-118032_SUPER,22.79685556
POSCAR-300Gpa-JVASP-118050_SUPER,6.03858215
POSCAR-300Gpa-JVASP-118479_SUPER,8.187181155
POSCAR-300Gpa-JVASP-118835_SUPER,13.01092112
POSCAR-300Gpa-JVASP-120219_SUPER,5.179370589
POSCAR-300Gpa-JVASP-121094_SUPER,22.51529147
POSCAR-300Gpa-JVASP-121103_SUPER,3.14e-06
POSCAR-300Gpa-JVASP-123738_SUPER,4.693058273
POSCAR-300Gpa-JVASP-100774_SUPER,1.104776076
POSCAR-300Gpa-JVASP-104666_SUPER,16.43768056
POSCAR-300Gpa-JVASP-105986_SUPER,3.110371127
POSCAR-300Gpa-JVASP-113752_SUPER,10.24394386
POSCAR-300Gpa-JVASP-113776_SUPER,5.694078013
POSCAR-300Gpa-JVASP-114287_SUPER,18.73302061
POSCAR-300Gpa-JVASP-118509_SUPER,11.87678689
POSCAR-300Gpa-JVASP-118518_SUPER,9.723540157
POSCAR-300Gpa-JVASP-120211_SUPER,10.27529988
POSCAR-300Gpa-JVASP-120227_SUPER,5.868287553
POSCAR-300Gpa-JVASP-120230_SUPER,4.493355533
POSCAR-300Gpa-JVASP-121047_SUPER,3.855573542
POSCAR-300Gpa-JVASP-121093_SUPER,4.238313916
POSCAR-300Gpa-JVASP-121095_SUPER,0.000950949
POSCAR-300Gpa-JVASP-125376_SUPER,14.71017875
POSCAR-300Gpa-JVASP-125381_SUPER,50.94747176
POSCAR-300Gpa-JVASP-125437_SUPER,0.102594768
POSCAR-300Gpa-JVASP-125442_SUPER,25.34256594
POSCAR-300Gpa-JVASP-125455_SUPER,2.312404701
POSCAR-300Gpa-JVASP-125458_SUPER,9.101324227
POSCAR-300Gpa-JVASP-129581_SUPER,4.361938873
POSCAR-300Gpa-JVASP-134906_SUPER,15.86984633
POSCAR-300Gpa-JVASP-135011_SUPER,14.94312235
POSCAR-300Gpa-JVASP-135015_SUPER,13.01306709
POSCAR-300Gpa-JVASP-135022_SUPER,9.077471742
POSCAR-300Gpa-JVASP-135027_SUPER,11.68461885
POSCAR-300Gpa-JVASP-135828_SUPER,10.10321761
POSCAR-300Gpa-JVASP-135855_SUPER,0.258717182
POSCAR-300Gpa-JVASP-135860_SUPER,1.85443307
POSCAR-300Gpa-JVASP-135862_SUPER,0.135928807
POSCAR-300Gpa-JVASP-135866_SUPER,1.085123122
POSCAR-300Gpa-JVASP-135867_SUPER,0.119994857
POSCAR-300Gpa-JVASP-135869_SUPER,27.54263668
POSCAR-300Gpa-JVASP-136763_SUPER,4.413626123
POSCAR-300Gpa-JVASP-136768_SUPER,2.16299967
POSCAR-300Gpa-JVASP-136775_SUPER,3.560491176
POSCAR-300Gpa-JVASP-139055_SUPER,0.414335865
POSCAR-300Gpa-JVASP-139071_SUPER,5.019292597
POSCAR-300Gpa-JVASP-139107_SUPER,2.94e-11
POSCAR-300Gpa-JVASP-139108_SUPER,17.53509328
POSCAR-300Gpa-JVASP-139111_SUPER,2.428451883
POSCAR-300Gpa-JVASP-139115_SUPER,3.228037687
POSCAR-300Gpa-JVASP-139243_SUPER,13.6554068
POSCAR-300Gpa-JVASP-18412_SUPER,5.229525315
POSCAR-300Gpa-JVASP-35665_SUPER,3.520138099
POSCAR-300Gpa-JVASP-35742_SUPER,3.82e-07
POSCAR-300Gpa-JVASP-36137_SUPER,3.342942458
POSCAR-300Gpa-JVASP-37310_SUPER,8.01e-46
POSCAR-300Gpa-JVASP-37646_SUPER,3.877325192
POSCAR-300Gpa-JVASP-51345_SUPER,6.29559094
POSCAR-300Gpa-JVASP-51748_SUPER,3.71e-11
POSCAR-300Gpa-JVASP-85695_SUPER,12.63591332
POSCAR-300Gpa-JVASP-91573_SUPER,7.005784977
POSCAR-300Gpa-JVASP-92563_SUPER,0.0
POSCAR-300Gpa-JVASP-95058_SUPER,8.312328216
POSCAR-500Gpa-JVASP-100537_SUPER,22.42157597
POSCAR-500Gpa-JVASP-100774_SUPER,3.772145872
POSCAR-500Gpa-JVASP-101060_SUPER,20.66416589
POSCAR-500Gpa-JVASP-102630_SUPER,3.503458504
POSCAR-500Gpa-JVASP-103257_SUPER,3.240990979
POSCAR-500Gpa-JVASP-104666_SUPER,7.266637486
POSCAR-500Gpa-JVASP-105322_SUPER,8.81e-05
POSCAR-500Gpa-JVASP-105334_SUPER,11.68227678
POSCAR-500Gpa-JVASP-106764_SUPER,4.320607462
POSCAR-500Gpa-JVASP-109645_SUPER,13.65411121
POSCAR-500Gpa-JVASP-113653_SUPER,56.09088359
POSCAR-500Gpa-JVASP-113752_SUPER,13.64180877
POSCAR-500Gpa-JVASP-113776_SUPER,6.859332714
POSCAR-500Gpa-JVASP-114287_SUPER,32.55882183
POSCAR-500Gpa-JVASP-114288_SUPER,19.69725816
POSCAR-500Gpa-JVASP-114289_SUPER,1.237162572
POSCAR-500Gpa-JVASP-114308_SUPER,17.88428339
POSCAR-500Gpa-JVASP-114324_SUPER,10.14999093
POSCAR-500Gpa-JVASP-116261_SUPER,27.65660026
POSCAR-500Gpa-JVASP-116265_SUPER,26.09532409
POSCAR-500Gpa-JVASP-117975_SUPER,6.394660118
POSCAR-500Gpa-JVASP-118032_SUPER,4.815865958
POSCAR-500Gpa-JVASP-118050_SUPER,22.61428424
POSCAR-500Gpa-JVASP-118069_SUPER,10.58210796
POSCAR-500Gpa-JVASP-118359_SUPER,4.772244729
POSCAR-500Gpa-JVASP-118421_SUPER,8.80927746
POSCAR-500Gpa-JVASP-118424_SUPER,26.28884235
POSCAR-500Gpa-JVASP-118444_SUPER,71.71985745
POSCAR-500Gpa-JVASP-118479_SUPER,20.50436731
POSCAR-500Gpa-JVASP-118492_SUPER,15.90317185
POSCAR-500Gpa-JVASP-118509_SUPER,9.022826166
POSCAR-500Gpa-JVASP-118516_SUPER,26.81838115
POSCAR-500Gpa-JVASP-118518_SUPER,4.011068645
POSCAR-500Gpa-JVASP-118833_SUPER,10.41653683
POSCAR-500Gpa-JVASP-118835_SUPER,3.054457173
POSCAR-500Gpa-JVASP-119915_SUPER,62.79084767
POSCAR-500Gpa-JVASP-120211_SUPER,34.67595078
POSCAR-500Gpa-JVASP-120219_SUPER,26.12050446
POSCAR-500Gpa-JVASP-120220_SUPER,5.697098078
POSCAR-500Gpa-JVASP-120224_SUPER,0.050689195
POSCAR-500Gpa-JVASP-120227_SUPER,8.761751324
POSCAR-500Gpa-JVASP-120230_SUPER,9.193260826
POSCAR-500Gpa-JVASP-121047_SUPER,20.08414641
POSCAR-500Gpa-JVASP-121093_SUPER,9.794478438
POSCAR-500Gpa-JVASP-121094_SUPER,18.65490778
POSCAR-500Gpa-JVASP-121095_SUPER,22.10792699
POSCAR-500Gpa-JVASP-121103_SUPER,2.946233422
POSCAR-500Gpa-JVASP-123738_SUPER,9.227631084
POSCAR-500Gpa-JVASP-125376_SUPER,18.26058994
POSCAR-500Gpa-JVASP-125381_SUPER,39.64310277
POSCAR-500Gpa-JVASP-125437_SUPER,0.016429999
POSCAR-500Gpa-JVASP-125442_SUPER,32.18428382
POSCAR-500Gpa-JVASP-125455_SUPER,13.80646844
POSCAR-500Gpa-JVASP-125458_SUPER,6.090735584
POSCAR-500Gpa-JVASP-134053_SUPER,14.41559584
POSCAR-500Gpa-JVASP-134906_SUPER,21.133988
POSCAR-500Gpa-JVASP-134963_SUPER,31.34570487
POSCAR-500Gpa-JVASP-135011_SUPER,10.91915988
POSCAR-500Gpa-JVASP-135015_SUPER,15.16703548
POSCAR-500Gpa-JVASP-135022_SUPER,6.953961875
POSCAR-500Gpa-JVASP-135026_SUPER,5.600117095
POSCAR-500Gpa-JVASP-135044_SUPER,53.33645286
POSCAR-500Gpa-JVASP-135656_SUPER,24.60174982
POSCAR-500Gpa-JVASP-135828_SUPER,34.34435086
POSCAR-500Gpa-JVASP-135855_SUPER,0.039663248
POSCAR-500Gpa-JVASP-135862_SUPER,1.481706209
POSCAR-500Gpa-JVASP-135866_SUPER,0.0490106
POSCAR-500Gpa-JVASP-135867_SUPER,1.06e-08
POSCAR-500Gpa-JVASP-135869_SUPER,29.51852232
POSCAR-500Gpa-JVASP-136763_SUPER,6.072733803
POSCAR-500Gpa-JVASP-136768_SUPER,1.689348344
POSCAR-500Gpa-JVASP-136775_SUPER,10.78869321
POSCAR-500Gpa-JVASP-137930_SUPER,0.358207657
POSCAR-500Gpa-JVASP-139042_SUPER,12.96188378
POSCAR-500Gpa-JVASP-139046_SUPER,0.016206124
POSCAR-500Gpa-JVASP-139055_SUPER,0.455822513
POSCAR-500Gpa-JVASP-139069_SUPER,32.25320923
POSCAR-500Gpa-JVASP-139071_SUPER,27.2405221
POSCAR-500Gpa-JVASP-139073_SUPER,0.0
POSCAR-500Gpa-JVASP-139100_SUPER,2.752746594
POSCAR-500Gpa-JVASP-139101_SUPER,7.066085217
POSCAR-500Gpa-JVASP-139107_SUPER,13.88532562
POSCAR-500Gpa-JVASP-139108_SUPER,1.407890234
POSCAR-500Gpa-JVASP-139111_SUPER,1.121299958
POSCAR-500Gpa-JVASP-139115_SUPER,12.02790075
POSCAR-500Gpa-JVASP-139243_SUPER,10.35185821
POSCAR-500Gpa-JVASP-18378_SUPER,9.996437797
POSCAR-500Gpa-JVASP-18387_SUPER,32.96135765
POSCAR-500Gpa-JVASP-18388_SUPER,2.566945748
POSCAR-500Gpa-JVASP-18389_SUPER,19.35909622
POSCAR-500Gpa-JVASP-18390_SUPER,7.192895935
POSCAR-500Gpa-JVASP-18394_SUPER,25.85141917
POSCAR-500Gpa-JVASP-18396_SUPER,14.61308147
POSCAR-500Gpa-JVASP-18397_SUPER,11.32385001
POSCAR-500Gpa-JVASP-18405_SUPER,31.75384788
POSCAR-500Gpa-JVASP-18412_SUPER,5.107710027
POSCAR-500Gpa-JVASP-18416_SUPER,0.754364558
POSCAR-500Gpa-JVASP-35665_SUPER,0.0
POSCAR-500Gpa-JVASP-35742_SUPER,1.24e-41
POSCAR-500Gpa-JVASP-35770_SUPER,1.35e-06
POSCAR-500Gpa-JVASP-36010_SUPER,30.32383513
POSCAR-500Gpa-JVASP-36137_SUPER,5.57454467
POSCAR-500Gpa-JVASP-36261_SUPER,6.88e-06
POSCAR-500Gpa-JVASP-36262_SUPER,14.96876896
POSCAR-500Gpa-JVASP-36647_SUPER,6.337156915
POSCAR-500Gpa-JVASP-36669_SUPER,0.043714571
POSCAR-500Gpa-JVASP-37030_SUPER,19.31027766
POSCAR-500Gpa-JVASP-37310_SUPER,3.21e-16
POSCAR-500Gpa-JVASP-37312_SUPER,52.54414258
POSCAR-500Gpa-JVASP-37646_SUPER,3.415719814
POSCAR-500Gpa-JVASP-38881_SUPER,7.727930534
POSCAR-500Gpa-JVASP-39635_SUPER,15.24721678
POSCAR-500Gpa-JVASP-51345_SUPER,9.290602938
POSCAR-500Gpa-JVASP-51667_SUPER,25.60236368
POSCAR-500Gpa-JVASP-51748_SUPER,9.06e-08
POSCAR-500Gpa-JVASP-52908_SUPER,1.472812108
POSCAR-500Gpa-JVASP-53964_SUPER,12.09024678
POSCAR-500Gpa-JVASP-78449_SUPER,34.08770805
POSCAR-500Gpa-JVASP-79011_SUPER,11.43929389
POSCAR-500Gpa-JVASP-79470_SUPER,51.88555793
POSCAR-500Gpa-JVASP-79487_SUPER,138.0515921
POSCAR-500Gpa-JVASP-85702_SUPER,24.16397524
POSCAR-500Gpa-JVASP-85705_SUPER,10.68287871
POSCAR-500Gpa-JVASP-92563_SUPER,0.0
POSCAR-500Gpa-JVASP-93261_SUPER,18.90943098
POSCAR-500Gpa-JVASP-93786_SUPER,9.841053743
POSCAR-500Gpa-JVASP-93868_SUPER,5.549514497
POSCAR-500Gpa-JVASP-94916_SUPER,26.60547613
POSCAR-500Gpa-JVASP-95058_SUPER,19.87337416
POSCAR-500Gpa-JVASP-18398_SUPER,5.160533953
POSCAR-500Gpa-POSCAR-H0.5V1-MP-mp-642644_SUPER,26.74574884
POSCAR-500Gpa-POSCAR-H0.81Pd1-MP-mp-1184548-synth_doped_SUPER,5.131942362
POSCAR-500Gpa-POSCAR-H0.81Pd1-MP-mp-24289-synth_doped_SUPER,4.19e-11
POSCAR-500Gpa-POSCAR-H1.96La1-MP-mp-24153-synth_doped_SUPER,33.41384299
POSCAR-500Gpa-POSCAR-H2Ti1-MP-mp-1077353_SUPER,1.208899005
POSCAR-500Gpa-POSCAR-H2Zr1-MP-mp-24155_SUPER,72.75904246
POSCAR-500Gpa-POSCAR-SH3-200GPa_SUPER,106.1245668
POSCAR-500Gpa-POSCAR-H2Ti1-MP-mp-24161_SUPER,8.262722129
POSCAR-500Gpa-POSCAR-LiH2-300Gpa_SUPER,201.9775151
POSCAR-500Gpa-POSCAR-NaH5-300GPa_SUPER,94.34406747
POSCAR-50Gpa-JVASP-114324_SUPER,3.681691729
POSCAR-50Gpa-JVASP-18387_SUPER,2.081271175
POSCAR-50Gpa-JVASP-21216_SUPER,116.722422
POSCAR-50Gpa-JVASP-25330_SUPER,114.7390827
POSCAR-50Gpa-JVASP-78576_SUPER,154.972585
POSCAR-50Gpa-JVASP-79470_SUPER,0.03562565
POSCAR-50Gpa-JVASP-79487_SUPER,15.89813317
POSCAR-100Gpa-JVASP-79470_SUPER,1.46
POSCAR-200Gpa-JVASP-100537_SUPER,9.64
POSCAR-200Gpa-JVASP-139042_SUPER,4.13
POSCAR-500Gpa-JVASP-52777_SUPER,4.79
POSCAR-500Gpa-JVASP-116278_SUPER,69.73
POSCAR-300Gpa-JVASP-139042_SUPER,4.38
POSCAR-JVASP-100537,2.92716936
POSCAR-JVASP-113653,0.9462758747
POSCAR-JVASP-116261,1.075978624
POSCAR-JVASP-119915,5.442254978
POSCAR-JVASP-120827,15.47428586
POSCAR-JVASP-121083,21.59974069
POSCAR-JVASP-134053,8.57299124
POSCAR-JVASP-134963,5.458700234
POSCAR-JVASP-135026,11.46200059
POSCAR-JVASP-135044,4.044317134
POSCAR-JVASP-135656,19.91701106
POSCAR-JVASP-137930,1.219713747
POSCAR-JVASP-139046,14.35018379
POSCAR-JVASP-139069,8.589951128
POSCAR-JVASP-139100,1.5
POSCAR-JVASP-139101,7.811907487
POSCAR-JVASP-18397,10.68244219
POSCAR-JVASP-18416,0.6879952677
POSCAR-JVASP-36262,10.28068677
POSCAR-JVASP-85705,4.743855311
POSCAR-JVASP-93823,0.554140263
